ContractType,ContractName,Address,Owner,ProxyType,ProxyAdmin,Implementation,Beacon,AddressBook_Implementation,ImplementationMatches,AccessControl,ACOwner,ACType,BytecodeHash,ImplementationBytecodeHash,LocalBytecodeHash,LocalImplBytecodeHash,BytecodeMatches,ImplBytecodeMatches
Aux,AppLock,0xB19B9df023a9D372728cFc70847DBBB9AD59337f,0xaAFa8246dE0ae0e7b81125db325e9B39BED43B49,-,-,-,-,-,-,-,-,-,010000e9235de2012d8a55635778a6e713af014ea1b8ec9cf7cd870f1b92bdeb,-,01000064e1777de810df76fff1ddeade80e7c4c2f175a910db6477b10530a5b8,-,false,-
Aux,AccountLock,0x793e4aeB8fd54f5Eb2B185f25F7767D417Ba5B94,0xaAFa8246dE0ae0e7b81125db325e9B39BED43B49,-,-,-,-,-,-,-,-,-,010000e9235de2012d8a55635778a6e713af014ea1b8ec9cf7cd870f1b92bdeb,-,01000064e1777de810df76fff1ddeade80e7c4c2f175a910db6477b10530a5b8,-,false,-
Aux,FeedLock,0xA22DC11ED96Ce8f6c26a2361926910d5b8c56299,0xaAFa8246dE0ae0e7b81125db325e9B39BED43B49,-,-,-,-,-,-,-,-,-,010000e9235de2012d8a55635778a6e713af014ea1b8ec9cf7cd870f1b92bdeb,-,01000064e1777de810df76fff1ddeade80e7c4c2f175a910db6477b10530a5b8,-,false,-
Aux,GraphLock,0x64ab11f8bAe0f75f071EfcE027E8AB3633252902,0xaAFa8246dE0ae0e7b81125db325e9B39BED43B49,-,-,-,-,-,-,-,-,-,010000e9235de2012d8a55635778a6e713af014ea1b8ec9cf7cd870f1b92bdeb,-,01000064e1777de810df76fff1ddeade80e7c4c2f175a910db6477b10530a5b8,-,false,-
Aux,GroupLock,0xe6939785c7b36394B35e72E13B86F17b5223B75d,0xaAFa8246dE0ae0e7b81125db325e9B39BED43B49,-,-,-,-,-,-,-,-,-,010000e9235de2012d8a55635778a6e713af014ea1b8ec9cf7cd870f1b92bdeb,-,01000064e1777de810df76fff1ddeade80e7c4c2f175a910db6477b10530a5b8,-,false,-
Aux,NamespaceLock,0x8d2eb35e3f4c10fEe90640C6051064426f368d16,0xaAFa8246dE0ae0e7b81125db325e9B39BED43B49,-,-,-,-,-,-,-,-,-,010000e9235de2012d8a55635778a6e713af014ea1b8ec9cf7cd870f1b92bdeb,-,01000064e1777de810df76fff1ddeade80e7c4c2f175a910db6477b10530a5b8,-,false,-
Aux,AccessControlLock,0xC00c2b2F3b7e6DAe4a45823361c460c5735Fc984,0xaAFa8246dE0ae0e7b81125db325e9B39BED43B49,-,-,-,-,-,-,-,-,-,010000e9235de2012d8a55635778a6e713af014ea1b8ec9cf7cd870f1b92bdeb,-,01000064e1777de810df76fff1ddeade80e7c4c2f175a910db6477b10530a5b8,-,false,-
Beacon,AppBeacon,0xF968b41ee7BF6f8bFFB71CD38905f9943Ff4ffbB,0xaAFa8246dE0ae0e7b81125db325e9B39BED43B49,-,-,0xBF3773B6a2B4ac8c1D3e38B6f362bD4B74398b6C,-,0xBF3773B6a2B4ac8c1D3e38B6f362bD4B74398b6C,true,-,-,-,010000fb799cf0ba852b1caf74860f7c7178e36ebbe76d8858c3affd27a6e4bc,010008316245ddac0e9789a6492ff8d599a5ee8d95bac82feba2b7fec271bb5d,0100006f0e270b3430f52fc306813c1a6f476b80f9b62f35e6a1b7828436112e,-,false,-
Beacon,AccountBeacon,0x677D8BEe894ae646Ceb1cfCe7dB16de2ef2792e5,0xaAFa8246dE0ae0e7b81125db325e9B39BED43B49,-,-,0xbC871ea4B54cDd1371a5D1a9a62044D89448d450,-,0xbC871ea4B54cDd1371a5D1a9a62044D89448d450,true,-,-,-,010000fb799cf0ba852b1caf74860f7c7178e36ebbe76d8858c3affd27a6e4bc,010005fb6095e36f98c859b16f7e6e8fbcbf88fb019b4d8286dd5003515ab417,0100006f0e270b3430f52fc306813c1a6f476b80f9b62f35e6a1b7828436112e,-,false,-
Beacon,FeedBeacon,0xe8Cb8DA8d2Ea4C5A40E6d8D4F3181AfdB9409D66,0xaAFa8246dE0ae0e7b81125db325e9B39BED43B49,-,-,0x53DbB795cE5a922A86b0bBBb820f365F2151CE4B,-,0x53DbB795cE5a922A86b0bBBb820f365F2151CE4B,true,-,-,-,010000fb799cf0ba852b1caf74860f7c7178e36ebbe76d8858c3affd27a6e4bc,0100127fd673b97e5babc7333411c6748faa8b4ea8bc9304598bf867c51fb08a,0100006f0e270b3430f52fc306813c1a6f476b80f9b62f35e6a1b7828436112e,-,false,-
Beacon,GraphBeacon,0x3195c60A6869C3614949EE02eE21116891CF6c17,0xaAFa8246dE0ae0e7b81125db325e9B39BED43B49,-,-,0x24b55E16c90E1F6C441F0a25c2A64bB83b6e1A73,-,0x24b55E16c90E1F6C441F0a25c2A64bB83b6e1A73,true,-,-,-,010000fb799cf0ba852b1caf74860f7c7178e36ebbe76d8858c3affd27a6e4bc,01000b052e66f746f88d131b156ecf0c2c332d89514536df79623ba46957f9dc,0100006f0e270b3430f52fc306813c1a6f476b80f9b62f35e6a1b7828436112e,-,false,-
Beacon,GroupBeacon,0xE995ecD7310EA8c764d7Fa9c145Ac42538ce0338,0xaAFa8246dE0ae0e7b81125db325e9B39BED43B49,-,-,0x01469AFC10D5F03cC3E73ae2B350893C2bd257Ef,-,0x01469AFC10D5F03cC3E73ae2B350893C2bd257Ef,true,-,-,-,010000fb799cf0ba852b1caf74860f7c7178e36ebbe76d8858c3affd27a6e4bc,01000bc7e08c2268d04ac88072daacd5fd1e857c8e69a4dbd94048a861686cbc,0100006f0e270b3430f52fc306813c1a6f476b80f9b62f35e6a1b7828436112e,-,false,-
Beacon,NamespaceBeacon,0xD381e0d1500bA1bddc2593CB8044eff3a68AB486,0xaAFa8246dE0ae0e7b81125db325e9B39BED43B49,-,-,0x1Cfb6619bAEE3F5E47236E6B2e166B4B8ACf1e6f,-,0x1Cfb6619bAEE3F5E47236E6B2e166B4B8ACf1e6f,true,-,-,-,010000fb799cf0ba852b1caf74860f7c7178e36ebbe76d8858c3affd27a6e4bc,0100142b07b818f045f59ae419a1b1cafb262746d8e6d4bb3599db15d896b882,0100006f0e270b3430f52fc306813c1a6f476b80f9b62f35e6a1b7828436112e,-,false,-
Factory,AccessControlFactory,0x0d028419c270C2d366929f459418a4905D1B778F,-,EIP1967,0xaAFa8246dE0ae0e7b81125db325e9B39BED43B49,0x2c87697FACd319959BEA999dd2cC7d27342F3554,-,0x2c87697FACd319959BEA999dd2cC7d27342F3554,true,-,-,-,0100013707b8f7501be6433983f2351501bf5403d0bf6192a6aa30b041e18755,0100009bc5e03a9d6dbc17603b260f101a56edb4bf3813c234ec0902fc05871a,0100007dc9d3ae21c31f2dedf3c6ac8361174ad09d1e5ac6efdf00a7663358a9,0100015aaaa5e9f25e355f004b88ca57baf823d4f6a137a0abcfde0ae8bd63e3,false,false
Factory,AccountFactory,0x26C7fd63B06deb4F9E4B5955D540767b9Ac7bbaa,-,EIP1967,0xaAFa8246dE0ae0e7b81125db325e9B39BED43B49,0xE238cEFc68F9CD55061a8Ab7E339cF9178dFf55B,-,0xE238cEFc68F9CD55061a8Ab7E339cF9178dFf55B,true,-,-,-,0100013707b8f7501be6433983f2351501bf5403d0bf6192a6aa30b041e18755,0100013fecb801d0a470f042e48e5716171db31795d00ed6ce66549993279636,0100007dc9d3ae21c31f2dedf3c6ac8361174ad09d1e5ac6efdf00a7663358a9,010001b63220161f2e0a7787c8b8f43911d8ddb82a3c7955d4caac4b103589c7,false,false
Factory,AppFactory,0xB3b7502C47E16a1E3c6d660b73006f45Ec327B0B,-,EIP1967,0xaAFa8246dE0ae0e7b81125db325e9B39BED43B49,0x7599371450F2D8e0d47a9A1cceba263c07326500,-,0x7599371450F2D8e0d47a9A1cceba263c07326500,true,-,-,-,0100013707b8f7501be6433983f2351501bf5403d0bf6192a6aa30b041e18755,0100012959d510e16f88f996e427e147a2076c10571d02c7fd38399161162e23,0100007dc9d3ae21c31f2dedf3c6ac8361174ad09d1e5ac6efdf00a7663358a9,010001ae588b09ab859cf68bca10f610476785cb3f18b321108757bb47d964da,false,false
Factory,FeedFactory,0x591c6e036a6bC92C6bF0d1dB991D06E74C2B9a6A,-,EIP1967,0xaAFa8246dE0ae0e7b81125db325e9B39BED43B49,0xB86fD4e2e4B6497Be2124060E8876F6e2270D517,-,0xB86fD4e2e4B6497Be2124060E8876F6e2270D517,true,-,-,-,0100013707b8f7501be6433983f2351501bf5403d0bf6192a6aa30b041e18755,0100018f9fb058b9904ed7a35e8ef8a06d4145e472e4da91176b41909e90987f,0100007dc9d3ae21c31f2dedf3c6ac8361174ad09d1e5ac6efdf00a7663358a9,010001d53d498f5ebb7ffbedb7890a16ea6c714c9692b8bac421deca1d5108f4,false,false
Factory,GraphFactory,0x837E95c3A69Cd6efa3eCDE87A3a07801AAB25Ba0,-,EIP1967,0xaAFa8246dE0ae0e7b81125db325e9B39BED43B49,0x6D47B89d2b42680091C71c2B518e497727D60a5A,-,0x6D47B89d2b42680091C71c2B518e497727D60a5A,true,-,-,-,0100013707b8f7501be6433983f2351501bf5403d0bf6192a6aa30b041e18755,0100018f400567035955df35dae5f2c5a6f3cf39a8f933b5cc9a0f19d4b79e43,0100007dc9d3ae21c31f2dedf3c6ac8361174ad09d1e5ac6efdf00a7663358a9,010001d5c80605aac736e40e54be9e5306ecf2395ab20fb2395f25a9fa7b18bc,false,false
Factory,GroupFactory,0x9810C41e805164f30b58395b2Af976B3229b0CE6,-,EIP1967,0xaAFa8246dE0ae0e7b81125db325e9B39BED43B49,0xd789934b2200ac1fC54Ba89fa24E2aE7BCEf6Be5,-,0xd789934b2200ac1fC54Ba89fa24E2aE7BCEf6Be5,true,-,-,-,0100013707b8f7501be6433983f2351501bf5403d0bf6192a6aa30b041e18755,010001910c4a1821d9e322fa4ecae90b94aef9ec31f2601a6b4006eaf686ccbb,0100007dc9d3ae21c31f2dedf3c6ac8361174ad09d1e5ac6efdf00a7663358a9,010001d60c0ba1173e5ed2786ecb00edf209aa22d186f8cd518ecd885db609f8,false,false
Factory,NamespaceFactory,0x3155ccbeefbA266a4B6060fB1F9d4b8591d1De3F,-,EIP1967,0xaAFa8246dE0ae0e7b81125db325e9B39BED43B49,0x840C2394546C410AAe6D14D127CF8f14B5ed041C,-,0x840C2394546C410AAe6D14D127CF8f14B5ed041C,true,-,-,-,0100013707b8f7501be6433983f2351501bf5403d0bf6192a6aa30b041e18755,010001e171d1591de05bb735d42ea8bae8cda712945ea8e69a6137afaae32690,0100007dc9d3ae21c31f2dedf3c6ac8361174ad09d1e5ac6efdf00a7663358a9,010001e0e73f1005f0a734a0f045ad890eb4bf508eddb1cfcde280c41bdf42b9,false,false
Factory,LensFactory,0x1fa75D26819Ac733bf7B1C1B36C3F8aEF32d2Cc0,-,EIP1967,0xaAFa8246dE0ae0e7b81125db325e9B39BED43B49,0xd28bBAd2Cd8047d09cEB72FDE7f372e89DC3525F,-,0xd28bBAd2Cd8047d09cEB72FDE7f372e89DC3525F,true,-,-,-,0100013707b8f7501be6433983f2351501bf5403d0bf6192a6aa30b041e18755,01000adde0971c1be05ffeaa09a4e0cecb0daef50614fb6315f335a439423c2e,0100007dc9d3ae21c31f2dedf3c6ac8361174ad09d1e5ac6efdf00a7663358a9,010004c2d82e477dd165aa3755fcbb96bc3d0d5c448fc0a30ac4fc733d2841f6,false,false
Primitive,LensGlobalFeed,0xcB5E109FFC0E15565082d78E68dDDf2573703580,-,BeaconProxy,0x779637148bF919fcAA886b154033375e0E58E5F3,0x53DbB795cE5a922A86b0bBBb820f365F2151CE4B,0xe8Cb8DA8d2Ea4C5A40E6d8D4F3181AfdB9409D66,-,-,0x873aa7B4E8000dE3cdF27D33D9662eB0542bddB6,0xaAFa8246dE0ae0e7b81125db325e9B39BED43B49,0x366c180b93c016d94aa781dd984842068840b0dc26dec0c4bf64de7c26ee02bb,01000155f66491daa99fa97065b64ee60faa4153f0b1a805839a1922c55aa130,0100127fd673b97e5babc7333411c6748faa8b4ea8bc9304598bf867c51fb08a,010000a1b3618e00d4bc4285a3b588b20a7e6f7c949a3ac062b27d96ada37fc4,-,false,-
Primitive,LensGlobalGraph,0x433025d9718302E7B2e1853D712d96F00764513F,-,BeaconProxy,0x5eb4A88e061205Be727E7c8EEFD48EA14774aCb0,0x24b55E16c90E1F6C441F0a25c2A64bB83b6e1A73,0x3195c60A6869C3614949EE02eE21116891CF6c17,-,-,0x46946a7A6535041Ae43d3AEEEca7fF89D8EDE7E8,0xaAFa8246dE0ae0e7b81125db325e9B39BED43B49,0x366c180b93c016d94aa781dd984842068840b0dc26dec0c4bf64de7c26ee02bb,01000155f66491daa99fa97065b64ee60faa4153f0b1a805839a1922c55aa130,01000b052e66f746f88d131b156ecf0c2c332d89514536df79623ba46957f9dc,010000a1b3618e00d4bc4285a3b588b20a7e6f7c949a3ac062b27d96ada37fc4,-,false,-
Primitive,LensGlobalNamespace,0x1aA55B9042f08f45825dC4b651B64c9F98Af4615,-,BeaconProxy,0x576Cac536B1D1Cf0c6aB0f8d711aa79539F155CE,0x1Cfb6619bAEE3F5E47236E6B2e166B4B8ACf1e6f,0xD381e0d1500bA1bddc2593CB8044eff3a68AB486,-,-,0x69ED620464Ea22c6a00bd09C97AA002075038aB9,0xaAFa8246dE0ae0e7b81125db325e9B39BED43B49,0x366c180b93c016d94aa781dd984842068840b0dc26dec0c4bf64de7c26ee02bb,01000155f66491daa99fa97065b64ee60faa4153f0b1a805839a1922c55aa130,0100142b07b818f045f59ae419a1b1cafb262746d8e6d4bb3599db15d896b882,010000a1b3618e00d4bc4285a3b588b20a7e6f7c949a3ac062b27d96ada37fc4,-,false,-
Aux,ActionHub,0xc6D57Ee750Ef2ee017a9E985A0C4198bEd16A802,-,EIP1967,0xaAFa8246dE0ae0e7b81125db325e9B39BED43B49,0xea21E3E70248e483c2F1ed2617E9d939eA8904bd,-,0xea21E3E70248e483c2F1ed2617E9d939eA8904bd,true,-,-,-,0100013563c32f6591729c797a1eb4ea04ec4335149038fcdd57555dfad6e96c,010006c717619898f32961e5517ebda8cbad5ea8ad83b031c26e48c52d22f392,0100007dc9d3ae21c31f2dedf3c6ac8361174ad09d1e5ac6efdf00a7663358a9,010001705f652ebba147aba77ecc71e053bcbb59c678e8296518ea1522b4c275,false,false
Aux,LensFees,0xFd577b6317F4ab53D5675E85b8DEB7A814165C3C,-,EIP1967,0xaAFa8246dE0ae0e7b81125db325e9B39BED43B49,0xE23292bEA6bb5874A839a7E1FfB7301657353187,-,0xE23292bEA6bb5874A839a7E1FfB7301657353187,true,-,-,-,0100013563c32f6591729c797a1eb4ea04ec4335149038fcdd57555dfad6e96c,0100003f061fd7d7ae8d5f11c374ec6a6db99871ca367c4e876f604f622ba768,0100007dc9d3ae21c31f2dedf3c6ac8361174ad09d1e5ac6efdf00a7663358a9,0100001647942a75d4748aff352628bb7e0261ba0aac57445d43b17c5c2fd8e2,false,false
Action,TippingAccountAction,0x20170F1e53851dF4d9ea236a28399493C5B152c0,0xf129e522Edf091d6D66f28429aF41A8F030aaD4c,EIP1967,0xaAFa8246dE0ae0e7b81125db325e9B39BED43B49,0x9aE07367ae1f9697a0B217678B68E446DC188A8e,-,0x9aE07367ae1f9697a0B217678B68E446DC188A8e,true,-,-,-,0100013563c32f6591729c797a1eb4ea04ec4335149038fcdd57555dfad6e96c,0100022fe500682f33f5b55d74e89e484d141588bf0dc424186642d90d22d604,0100007dc9d3ae21c31f2dedf3c6ac8361174ad09d1e5ac6efdf00a7663358a9,01000127b527e107997e2b7b47fc53bf5c31ec5dc98bace6e975d1bf4d5eff5b,false,false
Action,TippingPostAction,0x4984Ec4FfD17E64c8F91691D829BD5aeA287E47b,0xf129e522Edf091d6D66f28429aF41A8F030aaD4c,EIP1967,0xaAFa8246dE0ae0e7b81125db325e9B39BED43B49,0xEF57280D1846ACCf55c056aC7F0902F5608FB790,-,0xEF57280D1846ACCf55c056aC7F0902F5608FB790,true,-,-,-,0100013563c32f6591729c797a1eb4ea04ec4335149038fcdd57555dfad6e96c,0100023d8e36bcdc8b61f16bdf163ba024ebf33e2b87ee31d43518f658d7ff95,0100007dc9d3ae21c31f2dedf3c6ac8361174ad09d1e5ac6efdf00a7663358a9,0100012d679140d61841a56feed74325fe94b4feebf5ff9bb0995da88da542b2,false,false
Action,SimpleCollectAction,0x1cEE1cd464C4E44e80aCDB0B0e33f88849070F6E,0xf129e522Edf091d6D66f28429aF41A8F030aaD4c,EIP1967,0xaAFa8246dE0ae0e7b81125db325e9B39BED43B49,0x6f05AEffA4EE9Ba091EFe2D1751675f00B4FC174,-,0x6f05AEffA4EE9Ba091EFe2D1751675f00B4FC174,true,-,-,-,0100013563c32f6591729c797a1eb4ea04ec4335149038fcdd57555dfad6e96c,0100054301a605e8b9e1c26a676b9266c56d7027112e9b5ad6ef2cfbe8c5a430,0100007dc9d3ae21c31f2dedf3c6ac8361174ad09d1e5ac6efdf00a7663358a9,0100042831e95885f0289e3d3cc54dc3625a0e56d607c2a4c7de5828c58f26d9,false,false
Rule,AccountBlockingRule,0x3B766408f14141F4B567681A1c29CFB58D1C1574,0xf129e522Edf091d6D66f28429aF41A8F030aaD4c,EIP1967,0xaAFa8246dE0ae0e7b81125db325e9B39BED43B49,0xb6607e2678FD4b28858Ee7ee447C236d23b71c28,-,0xb6607e2678FD4b28858Ee7ee447C236d23b71c28,true,-,-,-,0100013563c32f6591729c797a1eb4ea04ec4335149038fcdd57555dfad6e96c,0100022d3fbba6dd203f95e4584213cebe9581bcf5679f9bfa28eb4135f559f9,0100007dc9d3ae21c31f2dedf3c6ac8361174ad09d1e5ac6efdf00a7663358a9,0100011cdc6f3352bdd1ac94467565c468b7b6d6a1dd3678f2c5b41390f3c760,false,false
Rule,AdditionRemovalPidGroupRule,0x5C990114129dAb27F015F2d5ba756bD102807b86,0xf129e522Edf091d6D66f28429aF41A8F030aaD4c,EIP1967,0xaAFa8246dE0ae0e7b81125db325e9B39BED43B49,0xf0d5B29A3F1Ad9CCfb26c9E58D11Bb3DFD382727,-,0xf0d5B29A3F1Ad9CCfb26c9E58D11Bb3DFD382727,true,-,-,-,0100013563c32f6591729c797a1eb4ea04ec4335149038fcdd57555dfad6e96c,010001cfe7d947face04740d52d4275cde020e090bc8602d3a2fce361709a3fd,0100007dc9d3ae21c31f2dedf3c6ac8361174ad09d1e5ac6efdf00a7663358a9,010000ce3e3c89ee501bc36cfa9b10622d595f5d85788dcacd3bbd8ea9ffbe7e,false,false
Rule,BanMemberGroupRule,0xe12543e5f917adA5aeF92B26Bc08E1925ec9F53F,0xf129e522Edf091d6D66f28429aF41A8F030aaD4c,EIP1967,0xaAFa8246dE0ae0e7b81125db325e9B39BED43B49,0x10A5b2f7430b85B117E7DE77b9343e024193c7Ac,-,0x10A5b2f7430b85B117E7DE77b9343e024193c7Ac,true,-,-,-,0100013563c32f6591729c797a1eb4ea04ec4335149038fcdd57555dfad6e96c,010003b3e06083dd2f2f1f00463117dfa37a1c87b5e30365f24d6d25e47fd6a4,0100007dc9d3ae21c31f2dedf3c6ac8361174ad09d1e5ac6efdf00a7663358a9,010001638a897ce6219f2b058ff5cb5744462f07accf9e804400a6231554ac4a,false,false
Rule,GroupGatedFeedRule,0x40a2A352583B266097234f1260B5AAfB7B129047,0xf129e522Edf091d6D66f28429aF41A8F030aaD4c,EIP1967,0xaAFa8246dE0ae0e7b81125db325e9B39BED43B49,0x3Ccda5a574B75afbFc235E6fC25c940df181d956,-,0x3Ccda5a574B75afbFc235E6fC25c940df181d956,true,-,-,-,0100013563c32f6591729c797a1eb4ea04ec4335149038fcdd57555dfad6e96c,010001a5dd18b3bfbd985b04ad6ab06a52d3a49b3e3e4288cf8f3933445a517d,0100007dc9d3ae21c31f2dedf3c6ac8361174ad09d1e5ac6efdf00a7663358a9,010000d378e4cf541a55c7aa8741ac0071384213459721b990b1e686c7d2f831,false,false
Rule,UsernameLengthNamespaceRule,0xb541055222C87EE86A72558e8B582a9C0158A0d8,0xf129e522Edf091d6D66f28429aF41A8F030aaD4c,EIP1967,0xaAFa8246dE0ae0e7b81125db325e9B39BED43B49,0xbe2d90D7b7b7c237f16c16424A6FAe9400A4767B,-,0xbe2d90D7b7b7c237f16c16424A6FAe9400A4767B,true,-,-,-,0100013563c32f6591729c797a1eb4ea04ec4335149038fcdd57555dfad6e96c,0100020b2e44c64e5badde1714869539df5bab6bc570e66dc11b9bf58e02ee0e,0100007dc9d3ae21c31f2dedf3c6ac8361174ad09d1e5ac6efdf00a7663358a9,010000f30a7c0f3a4a506feb16fccffefe6e5b7ecd6ce78cb3ed20e359bd0d01,false,false
Rule,UsernameReservedNamespaceRule,0x0E8B9960f2a891A561f2d52F0Cd98cCA19CDF8c9,0xf129e522Edf091d6D66f28429aF41A8F030aaD4c,EIP1967,0xaAFa8246dE0ae0e7b81125db325e9B39BED43B49,0x5B00ec39877EdD2711480A713712f6e02be9e214,-,0x5B00ec39877EdD2711480A713712f6e02be9e214,true,-,-,-,0100013563c32f6591729c797a1eb4ea04ec4335149038fcdd57555dfad6e96c,010002a9f9cd83b054ec0688b20e3aa29961b036af6ddc1ec73391c7198adf12,0100007dc9d3ae21c31f2dedf3c6ac8361174ad09d1e5ac6efdf00a7663358a9,0100010c09a53f6901ec2fabc854084ea20b50ce14950621d0ea4cb77f3a9d42,false,false
Rule,UsernameSimpleCharsetNamespaceRule,0x5DBE2054903512ff26E336C0cBdEd6E0DDBEAc4F,0xf129e522Edf091d6D66f28429aF41A8F030aaD4c,EIP1967,0xaAFa8246dE0ae0e7b81125db325e9B39BED43B49,0x1F8D82763f04e544278522b923eA924258dF9c2C,-,0x1F8D82763f04e544278522b923eA924258dF9c2C,true,-,-,-,0100013563c32f6591729c797a1eb4ea04ec4335149038fcdd57555dfad6e96c,010001599f9b7baa17ff00d9e593dcb798099a536250e67dca35bf528c28d7ed,0100007dc9d3ae21c31f2dedf3c6ac8361174ad09d1e5ac6efdf00a7663358a9,010000a85e96f6294e207b49dddb44889a02ebd365db2d52ad7d64d43e9b567a,false,false
Rule,SimplePaymentFeedRule,0xD79dfb3f8290c0Da1899B91C3BbFE9aB56198004,0xf129e522Edf091d6D66f28429aF41A8F030aaD4c,EIP1967,0xaAFa8246dE0ae0e7b81125db325e9B39BED43B49,0xEbD685886F22857735CF90bB6C1F092006251f04,-,0xEbD685886F22857735CF90bB6C1F092006251f04,true,-,-,-,0100013563c32f6591729c797a1eb4ea04ec4335149038fcdd57555dfad6e96c,010002fb5c828f27f0a98c4dc1bebe2d4f7c2e3e811cd9efd9d1e9f6d6a731da,0100007dc9d3ae21c31f2dedf3c6ac8361174ad09d1e5ac6efdf00a7663358a9,01000197ebd1bea958ed0130b854509fb943637ad12c172219dd3776d8fceb02,false,false
Rule,TokenGatedFeedRule,0xe320D45b21243771dC5a47909DB2389Abab81d5B,0xf129e522Edf091d6D66f28429aF41A8F030aaD4c,EIP1967,0xaAFa8246dE0ae0e7b81125db325e9B39BED43B49,0xEfE523C811220ce8929491a6e9620Fc58b197fC8,-,0xEfE523C811220ce8929491a6e9620Fc58b197fC8,true,-,-,-,0100013563c32f6591729c797a1eb4ea04ec4335149038fcdd57555dfad6e96c,010002256bc9d9acc49b146c2f668b85302755e1c3773b58e50fda55713f5a8d,0100007dc9d3ae21c31f2dedf3c6ac8361174ad09d1e5ac6efdf00a7663358a9,0100010b5e895ffde6baeda471ec104cb6b0a9508a14278ca654cebcb30439ed,false,false
Rule,TokenGatedGraphRule,0x24779f9c251Cc5C2Ac0aE5C9f274666224e78035,0xf129e522Edf091d6D66f28429aF41A8F030aaD4c,EIP1967,0xaAFa8246dE0ae0e7b81125db325e9B39BED43B49,0x84204cfeA1306f3Ca7dde38dc1a387E68F55A08E,-,0x84204cfeA1306f3Ca7dde38dc1a387E68F55A08E,true,-,-,-,0100013563c32f6591729c797a1eb4ea04ec4335149038fcdd57555dfad6e96c,0100021f8e7da4dfe40a92f267180296095caee7eebedb90ffd19f23c5666d0c,0100007dc9d3ae21c31f2dedf3c6ac8361174ad09d1e5ac6efdf00a7663358a9,01000104ccd7f24fbc52b87824b31f6d4c3df037fe31916890bf1af3f3ee5f63,false,false
Rule,FollowersOnlyPostRule,0x4f573ed906Cf23cb43f86ad461d10e43E29802ce,0xf129e522Edf091d6D66f28429aF41A8F030aaD4c,EIP1967,0xaAFa8246dE0ae0e7b81125db325e9B39BED43B49,0x71ee189620688D9199d92145E8f58fC516673F47,-,0x71ee189620688D9199d92145E8f58fC516673F47,true,-,-,-,0100013563c32f6591729c797a1eb4ea04ec4335149038fcdd57555dfad6e96c,010002b547bbdf274ea30edc7a2ad6e06964625d657e14e4f5450285b197d69a,0100007dc9d3ae21c31f2dedf3c6ac8361174ad09d1e5ac6efdf00a7663358a9,0100010be3c79afdd02519a2fe2c5f8d93dd8da47189f16db52738e7f3eacd3b,false,false
Rule,GroupGatedGraphRule,0x754839C5917a063EB923e83f1194E6737BbB451C,0xf129e522Edf091d6D66f28429aF41A8F030aaD4c,EIP1967,0xaAFa8246dE0ae0e7b81125db325e9B39BED43B49,0xea1Bb2580F3Ef742B1c3f0247CfBEAA35572db66,-,0xea1Bb2580F3Ef742B1c3f0247CfBEAA35572db66,true,-,-,-,0100013563c32f6591729c797a1eb4ea04ec4335149038fcdd57555dfad6e96c,010001d5d19bbfd1e792b80bb6506d59e513029ffa576e16f801d5f842f4d464,0100007dc9d3ae21c31f2dedf3c6ac8361174ad09d1e5ac6efdf00a7663358a9,010000e2f69eb1ccbdba9719b60637801e6ce794a1121df742d5fee2dbad7bb0,false,false
Rule,SimplePaymentFollowRule,0x10E044f026bD51f855a10F2277e35Ed4c896db7e,0xf129e522Edf091d6D66f28429aF41A8F030aaD4c,EIP1967,0xaAFa8246dE0ae0e7b81125db325e9B39BED43B49,0xc4A46F8707d9fD60f25021a11E5f76D6F7A5302e,-,0xc4A46F8707d9fD60f25021a11E5f76D6F7A5302e,true,-,-,-,0100013563c32f6591729c797a1eb4ea04ec4335149038fcdd57555dfad6e96c,0100028bcc58776d32f2d37a03f038858866b2c53d53dc634b61ff431551eb72,0100007dc9d3ae21c31f2dedf3c6ac8361174ad09d1e5ac6efdf00a7663358a9,0100015c94d2cdabd9be9a6b0ef53b22cb3961c5c17f13d2bbf822aa617ab680,false,false
Rule,TokenGatedFollowRule,0x8b39e5E2B7a4Ce8FcD8F4601Ca1a43486A9d7Ca4,0xf129e522Edf091d6D66f28429aF41A8F030aaD4c,EIP1967,0xaAFa8246dE0ae0e7b81125db325e9B39BED43B49,0xFB18116CC5fbDF492ecaa353F9BF915940A16E89,-,0xFB18116CC5fbDF492ecaa353F9BF915940A16E89,true,-,-,-,0100013563c32f6591729c797a1eb4ea04ec4335149038fcdd57555dfad6e96c,0100019d1cb95e3f008697097c6a9dc1a55925c8876522aaef20b604dc02aff6,0100007dc9d3ae21c31f2dedf3c6ac8361174ad09d1e5ac6efdf00a7663358a9,010000c34b3fd261803e1e32d0ddd783507aea82040eb20f236a6d6fdba65b90,false,false
Rule,MembershipApprovalGroupRule,0x353064B2EE992483398dAb32267E1aD597e502B9,0xf129e522Edf091d6D66f28429aF41A8F030aaD4c,EIP1967,0xaAFa8246dE0ae0e7b81125db325e9B39BED43B49,0xB07A14a7D743E054666AB72720562F6b8ba0235c,-,0xB07A14a7D743E054666AB72720562F6b8ba0235c,true,-,-,-,0100013563c32f6591729c797a1eb4ea04ec4335149038fcdd57555dfad6e96c,010002a32b8ca7bbc92be9a6530d14546a6f1996942d167e06fa28e27a8436dd,0100007dc9d3ae21c31f2dedf3c6ac8361174ad09d1e5ac6efdf00a7663358a9,0100011ef1477ae8d26ede22cf357bb4c8d1b0aea76083cf85c82ff6e6e2f061,false,false
Rule,SimplePaymentGroupRule,0x6d2251D69fba6D7e761c72d55Cf478d741cB4Ac1,0xf129e522Edf091d6D66f28429aF41A8F030aaD4c,EIP1967,0xaAFa8246dE0ae0e7b81125db325e9B39BED43B49,0x40E3f3F611b9201EF6a31030CD347B72B2cc99E5,-,0x40E3f3F611b9201EF6a31030CD347B72B2cc99E5,true,-,-,-,0100013563c32f6591729c797a1eb4ea04ec4335149038fcdd57555dfad6e96c,010002f7be89a7ad2dba3ea1168de2638ad5f1beb790f0e5539373e56ec262ba,0100007dc9d3ae21c31f2dedf3c6ac8361174ad09d1e5ac6efdf00a7663358a9,01000195fa1db39dc4830c9c81a0f31b02872d62cf06dc6c9fad86dd0a5f21e6,false,false
Rule,TokenGatedGroupRule,0x0740653858863E8f4f0c734553c2bEf0Dc54Bfa9,0xf129e522Edf091d6D66f28429aF41A8F030aaD4c,EIP1967,0xaAFa8246dE0ae0e7b81125db325e9B39BED43B49,0x352E52D5Ba3d1141159490Ed2da9D09048Fcd09e,-,0x352E52D5Ba3d1141159490Ed2da9D09048Fcd09e,true,-,-,-,0100013563c32f6591729c797a1eb4ea04ec4335149038fcdd57555dfad6e96c,0100025de19d0db556b0c64e7dfec465cf0ea1b3b9ded0302bd845455ca6626e,0100007dc9d3ae21c31f2dedf3c6ac8361174ad09d1e5ac6efdf00a7663358a9,01000109c1996cd0ae0f9c6334fdd6eaad8dced88cb522f6b65bae1fdebddb7c,false,false
Rule,TokenGatedNamespaceRule,0xd108e4215963f9CB13f47A4B08110D0fF51D52D8,0xf129e522Edf091d6D66f28429aF41A8F030aaD4c,EIP1967,0xaAFa8246dE0ae0e7b81125db325e9B39BED43B49,0x676f6A3ebED48a0E21118B0D98C5F20067983Eab,-,0x676f6A3ebED48a0E21118B0D98C5F20067983Eab,true,-,-,-,0100013563c32f6591729c797a1eb4ea04ec4335149038fcdd57555dfad6e96c,01000245e1021cc33b60fe869738ce5f4c1ad913bed5224c1bfaf559c8b4fe90,0100007dc9d3ae21c31f2dedf3c6ac8361174ad09d1e5ac6efdf00a7663358a9,0100011c04fc8b88c80fcb94fe0c8029a8e0dc5a9e56a3b91915e34422e3a325,false,false
Rule,UsernamePricePerLengthNamespaceRule,0xad917a20bca258020FF81590f62Ff05366eBb180,0xf129e522Edf091d6D66f28429aF41A8F030aaD4c,EIP1967,0xaAFa8246dE0ae0e7b81125db325e9B39BED43B49,0x515b14c04E0D97AD83CCc8de58448790E0fDDb1d,-,0x515b14c04E0D97AD83CCc8de58448790E0fDDb1d,true,-,-,-,0100013563c32f6591729c797a1eb4ea04ec4335149038fcdd57555dfad6e96c,01000367191bd42dacd4624fe732d287e490a2d7547edc492cbf090052490d1f,0100007dc9d3ae21c31f2dedf3c6ac8361174ad09d1e5ac6efdf00a7663358a9,010001b723336e71921cb0c8b71339baae47a3a055772ba2742a7130258fa37f,false,false
